اسم الصنف,الكمية,سعر الجملة,القطاعي,جملة الجملة,العملة,الفــئة, الفــئة الفرعية, الشراء
نفتلين,0,0,0,0,ليرة سورية,All,مواد جاهزة للبيع,0
مياه مقطرة 4 لتر,0,6000,6000,6000,ليرة سورية,All,مواد جاهزة للبيع,3250
مياه مقطرة 1 لتر,0,1800,1800,1800,ليرة سورية,All,مواد جاهزة للبيع,1700
مهسهس زفته - معجون,4.56,14000,14000,14000,ليرة سورية,All,مواد جاهزة للبيع,10000
مماسح مكتب َ,45.74,220000,220000,220000,ليرة سورية,All,مواد جاهزة للبيع,108000
مماسح قماش عائلة فايبر,0,420000,420000,420000,ليرة سورية,All,مواد جاهزة للبيع,360000
مماسح جلدية,0,0,0,0,ليرة سورية,All,All,25000
مماسح بلور,27,13000,13000,13000,ليرة سورية,All,مواد جاهزة للبيع,50000
مماسح ارضيات,4,110000,110000,110000,ليرة سورية,All,مواد جاهزة للبيع,72000
ملمع سيارات 3 لتر,0,35000,35000,35000,ليرة سورية,All,مواد جاهزة للبيع,28000
ملمع سيارات / فرط,158.6,15000,15000,15000,ليرة سورية,All,مواد جاهزة للبيع,8500
ملمع زجاج خام,0,0,0,0,دولار أمريكي,All,الطبخات,175
ملمع زجاج الكرمل,0,156000,156000,156000,ليرة سورية,All,مواد جاهزة للبيع,120000
ملمع زجاج 3 لتر,31,30000,30000,30000,ليرة سورية,All,مواد جاهزة للبيع,9500
ملمع زجاج / فرط,118.3,10000,10000,10000,ليرة سورية,All,مواد جاهزة للبيع,3000
ملمع دواليب خام,0,0,0,0,دولار أمريكي,All,الطبخات,63
ملطف جو ليتس,0,408000,408000,408000,ليرة سورية,All,مواد جاهزة للبيع,0
ملطف جو,0,240000,240000,240000,ليرة سورية,All,مواد جاهزة للبيع,139200
ملح,93.04,0,0,0,دولار أمريكي,All,مواد خام,2.1
مكانس ناعمة كثيفة ,0.5,156000,156000,156000,ليرة سورية,All,مواد جاهزة للبيع,74400
مكانس خشنة ,6,20000,20000,20000,ليرة سورية,All,مواد جاهزة للبيع,8125
مقصب,3.5,0,0,0,دولار أمريكي,All,مواد خام,3
معطر متعدد الاستعمالات ريفا,2.67,0,0,0,دولار أمريكي,All,مواد جاهزة للبيع,7.25
معطر كرمل .,0.5,0,0,0,ليرة سورية,All,مواد جاهزة للبيع,168000
معطر فانيليا خام,0,0,0,0,دولار أمريكي,All,الطبخات,44
معطر عافية,0,120000,120000,120000,ليرة سورية,All,مواد جاهزة للبيع,117000
معطر سيارات,0,0,0,0,ليرة سورية,All,All,0
معطر رينزو,0,195000,195000,195000,ليرة سورية,All,All,0
معطر ارضيات نسيم المحيط خام,0,0,0,0,دولار أمريكي,All,الطبخات,215
معطر ارضيات ليلك خام,0,0,0,0,دولار أمريكي,All,الطبخات,205
معطر ارضيات زهرة التوليب خام,0,0,0,0,دولار أمريكي,All,الطبخات,205
معطر ارضيات ريفا,9.83,0,0,0,دولار أمريكي,All,مواد جاهزة للبيع,6.5
معطر ارضيات رائحة الورود خام,0,0,0,0,دولار أمريكي,All,الطبخات,180
معطر ارضيات ببوري خام,0,0,0,0,دولار أمريكي,All,الطبخات,150
معطر ارضيات الليمون المنعش خام,0,0,0,0,دولار أمريكي,All,الطبخات,160
معطر ارضيات العود خام,0,0,0,0,دولار أمريكي,All,الطبخات,215
معطر ارضيات ازهار النرجس خام,0,0,0,0,دولار أمريكي,All,الطبخات,215
معطر super / فرط ,3027.25,8000,8000,8000,ليرة سورية,All,مواد جاهزة للبيع,0
معطر super / عبوة 3 لتر,298,29000,29000,29000,ليرة سورية,All,مواد جاهزة للبيع,0
مصاريف سيارات + ...,0,0,0,0,ليرة سورية,All,All,0
مساحات / نشافات ,0,180000,180000,180000,ليرة سورية,All,مواد جاهزة للبيع,105000
محارم مكتب,0,0,0,0,ليرة سورية,All,مواد جاهزة للبيع,0
محارم تواليت,5,110000,110000,110000,ليرة سورية,All,مواد جاهزة للبيع,90000
محارم تنشيف,0,0,0,0,ليرة سورية,All,All,0
محارم الكرزة,0,110000,110000,110000,ليرة سورية,All,مواد جاهزة للبيع,100000
مجمد ,60,0,0,0,دولار أمريكي,All,مواد خام,4.4
مبيد حشري بار بار,0,336000,336000,336000,ليرة سورية,All,مواد جاهزة للبيع,307000
مانع رغوة مائي,2,0,0,0,دولار أمريكي,All,مواد خام,7
مانع رغوة سيليكون,0,0,0,0,دولار أمريكي,All,مواد خام,6
ماء مقطرة,21934.4,0,0,0,دولار أمريكي,All,مواد خام,0.004
ماء مالح خام,350,0,0,0,دولار أمريكي,All,الطبخات,0.024
ماء بلسم ,3,0,0,0,دولار أمريكي,All,مواد خام,3
ليف جلي ثلاثية ,0.33,216000,216000,216000,ليرة سورية,All,مواد جاهزة للبيع,156000
ليف اسفنج,1,100000,100000,100000,ليرة سورية,All,مواد جاهزة للبيع,90000
لوح صابون مسك,0,170000,170000,170000,ليرة سورية,All,مواد جاهزة للبيع,82000
لصاقة طابعة,0,0,0,0,ليرة سورية,All,مواد خام,275
لانيت 16 ماليزي,0,0,0,0,دولار أمريكي,All,مواد خام,3.5
لاصق,0,0,0,0,ليرة سورية,All,مواد جاهزة للبيع,0
كياس نايلون,2,30000,30000,30000,ليرة سورية,All,مواد جاهزة للبيع,20000
كياس قمامة,0,0,0,0,ليرة سورية,All,مواد جاهزة للبيع,22500
كوستيك-قطرونة,13.6,0,0,0,دولار أمريكي,All,مواد خام,18.75
كمبرلان,49,0,0,0,دولار أمريكي,All,مواد خام,2.25
كمامات,40,13000,13000,13000,ليرة سورية,All,مواد جاهزة للبيع,11000
كليمازول,0,0,0,0,دولار أمريكي,All,مواد خام,17.8
كلور عبوة 1 لتر,6050,0,0,0,دولار أمريكي,All,مواد خام,0.135
كلور خام,1089,0.35,0.35,0.35,دولار أمريكي,All,مواد خام,0.21
كلور 4 لتر,22,16000,16000,16000,ليرة سورية,All,مواد جاهزة للبيع,5700
كلور 1 لتر,112,50000,50000,50000,ليرة سورية,All,مواد جاهزة للبيع,38400
كلور / فرط ,92.25,4500,4500,4500,ليرة سورية,All,مواد جاهزة للبيع,680
كفوف نايلون,0,370000,370000,330000,ليرة سورية,All,مواد جاهزة للبيع,320000
كفوف طبية,1,576000,576000,576000,ليرة سورية,All,مواد جاهزة للبيع,300000
كفوف صناعية,0.17,300000,300000,300000,ليرة سورية,All,مواد جاهزة للبيع,152000
كفوف جلي,0,25000,25000,25000,ليرة سورية,All,مواد جاهزة للبيع,0
كريك بلاستيك,24,0,0,0,ليرة سورية,All,مواد خام,10000
كرتونة تغليف كلور,38.33,0,0,0,دولار أمريكي,All,مواد خام,0
كرتونة تغليف ريفا,0,0,0,0,ليرة سورية,All,مواد خام,3.6
كحول (ايثانول),24,0,0,0,دولار أمريكي,All,مواد خام,1.8
كاسات شاي صغيرة 17 *6,13,10000,10000,10000,ليرة سورية,All,مواد جاهزة للبيع,8000
قاشط سيارات خام,0,0,0,0,دولار أمريكي,All,الطبخات,25.4
قاشط سيارات / فرط,0,7000,7000,7000,ليرة سورية,All,مواد جاهزة للبيع,0
قاشط خام ,0,0,0,0,دولار أمريكي,All,الطبخات,414
قاشط المينيوم - ساندي / فرط ,750.08,13000,13000,13000,ليرة سورية,All,مواد جاهزة للبيع,7200
قاشط  المينيوم 3 لتر,156,40000,40000,40000,ليرة سورية,All,مواد جاهزة للبيع,25000
فورمول ( سم ),1.74,0,0,0,دولار أمريكي,All,مواد خام,28.8
فلاش 4 لتر ,67,18000,18000,18000,ليرة سورية,All,مواد جاهزة للبيع,6250
فلاش / فرط,90.8,5000,5000,5000,ليرة سورية,All,مواد جاهزة للبيع,1080
فرشاية بسط,0,0,0,0,ليرة سورية,All,مواد جاهزة للبيع,0
فرشاة حمام,0,0,0,0,ليرة سورية,All,مواد جاهزة للبيع,0
فازلين,0.5,32000,32000,32000,ليرة سورية,All,مواد خام,21000
فاربن مزيل شعر ,1,5000,5000,5000,ليرة سورية,All,مواد جاهزة للبيع,4500
فاتي كحول,79.4,0,0,0,دولار أمريكي,All,مواد خام,3
غليسيرين,69.5,0,0,0,دولار أمريكي,All,مواد خام,2.2
غطا عبوة 3لتر,3,0,0,0,دولار أمريكي,All,مواد جاهزة للبيع,4.5
عملاق ريفا 450 مم,1,10.08,10.08,10.08,دولار أمريكي,All,مواد جاهزة للبيع,6
عملاق خام,0,0,0,0,دولار أمريكي,All,الطبخات,165
عملاق 3 لتر,0,0,0,0,ليرة سورية,All,مواد جاهزة للبيع,0
عملاق ,279.34,13000,13000,13000,ليرة سورية,All,مواد جاهزة للبيع,9000
عطر-نسيم-المحيط ocean-breeze - 327993 ,0.49,0,0,0,دولار أمريكي,All,مواد خام,312.5
عطر-ليمون shiny-star - 485764,0.52,0,0,0,دولار أمريكي,All,مواد خام,175
عطر-ليمون citrus lemon new - 321639,0.36,0,0,0,دولار أمريكي,All,مواد خام,175
عطر-ليلك ariel-sensation - 318728,0.53,0,0,0,دولار أمريكي,All,مواد خام,312.5
عطر-فريز,0,0,0,0,دولار أمريكي,All,All,312.5
عطر-سلطان ,3.56,0,0,0,دولار أمريكي,All,مواد خام,900
عطر-زهور lovely-petals - 485718,0.53,0,0,0,دولار أمريكي,All,مواد خام,225
عطر-رمان apple grandada - 322730,0.62,0,0,0,دولار أمريكي,All,مواد خام,312.5
عطر-توليب fresh-scent-amour - 485833,0.6,0,0,0,دولار أمريكي,All,مواد خام,287.5
عطر-تفاح apple - 317691 ,0.47,0,0,0,دولار أمريكي,All,مواد خام,300
عطر-برنس,0,0,0,0,دولار أمريكي,All,مواد خام,14.5
عطر-ببوري ultimate-mixture - 485797,19.82,0,0,0,دولار أمريكي,All,مواد خام,150
عطر-ازهار-الربيع spring - 318643,21.23,0,0,0,دولار أمريكي,All,مواد خام,312.5
عطر هامول,0,0,0,0,دولار أمريكي,All,مواد خام,15
عطر مسك احمر,2,0,0,0,دولار أمريكي,All,مواد خام,16
عطر مسك,3,0,0,0,دولار أمريكي,All,مواد خام,15.5
عطر ليمون ماكسي,0.33,0,0,0,دولار أمريكي,All,مواد خام,225
عطر ليمون ريفا,13.6,0,0,0,ليرة سورية,All,مواد خام,25
عطر لافندر ريفا,15,0,0,0,دولار أمريكي,All,مواد خام,15
عطر عود,46.8,0,0,0,دولار أمريكي,All,مواد خام,18.5
عطر عسل,1,0,0,0,دولار أمريكي,All,مواد خام,16
عطر صنوبر,0,0,0,0,دولار أمريكي,All,مواد خام,10
عطر جوز الهند,0,0,0,0,دولار أمريكي,All,مواد خام,13
عطر بيشبه بيدون السلطان - 87287252-750,22,0,0,0,دولار أمريكي,All,All,18
عطر بانتين,0,0,0,0,دولار أمريكي,All,مواد خام,15
عطر اوليفا,0,0,0,0,دولار أمريكي,All,مواد خام,13.2
عطر ramani-kodi-000110,2,0,0,0,دولار أمريكي,All,مواد خام,425
عطر magic sprel - 6168581,50,0,0,0,دولار أمريكي,All,مواد خام,22
عطر kavien-clein-eforia-000020,4,0,0,0,دولار أمريكي,All,مواد خام,425
عطر energy-000400,1.44,0,0,0,دولار أمريكي,All,مواد خام,400
عطر Blue APC - 0001198620,105,0,0,0,دولار أمريكي,All,مواد خام,24
عطر billionair-000250,4,0,0,0,دولار أمريكي,All,مواد خام,450
عطر be-apple-000320,2,0,0,0,دولار أمريكي,All,مواد خام,187.5
عصايات,0.04,250000,250000,250000,ليرة سورية,All,مواد جاهزة للبيع,200000
عبوة ريفا شفافة 750غ ,0,0,0,0,ليرة سورية,All,مواد خام,5.4
عبوة 1 لتر ,0,0,0,0,دولار أمريكي,All,مواد خام,0.8
عبوات كلور + فلاش فارغة ,12.23,90000,90000,90000,ليرة سورية,All,مواد خام,84000
عبوات شفافة 3 لتر,17.32,135000,135000,135000,ليرة سورية,All,مواد خام,126000
عبوات حليبي,93.75,128000,128000,128000,ليرة سورية,All,مواد خام,96000
طواقي راس,71,18000,18000,18000,ليرة سورية,All,مواد جاهزة للبيع,15000
طبخة رابع معدلة ,0,0,0,0,دولار أمريكي,All,الطبخات,0
طبخة رابع مخصصة ,0,0,0,0,دولار أمريكي,All,الطبخات,0
طبخة رابع تنتح طبختين,0,0,0,0,دولار أمريكي,All,الطبخات,0
طبخة اول تنتج طبختين ,0,0,0,0,دولار أمريكي,All,الطبخات,642
طبخة الاندومي,0,0,0,0,دولار أمريكي,All,مواد خام,474
طبالي خشب,17,8.5,8.5,8.5,دولار أمريكي,All,مواد خام,8
صودا أش ,0,0,0,0,دولار أمريكي,All,مواد خام,0.6
صبغة ,1.3,0,0,0,دولار أمريكي,All,مواد خام,9.17
صابون كرمل,0,0,0,0,ليرة سورية,All,مواد جاهزة للبيع,170000
صابون سادة خام,0,0,0,0,دولار أمريكي,All,الطبخات,423
صابون سائل ماء الذهب خام,0,0,0,0,دولار أمريكي,All,الطبخات,448
صابون سائل لافندر خام,0,0,0,0,دولار أمريكي,All,الطبخات,448
صابون سائل عود خام ,0,0,0,0,دولار أمريكي,All,الطبخات,448
صابون سائل,0,0,0,0,ليرة سورية,All,All,0
صابون super / فرط ,1876.8,10000,10000,10000,ليرة سورية,All,مواد جاهزة للبيع,0
صابون super / عبوة 3 لتر,108,33000,33000,33000,ليرة سورية,All,مواد جاهزة للبيع,0
شامبو سيارات,327.8,6000,6000,6000,ليرة سورية,All,مواد جاهزة للبيع,3000
شامبو خام,0,0,0,0,دولار أمريكي,All,الطبخات,618
شامبو 3 لتر,5.08,480000,480000,480000,ليرة سورية,All,مواد جاهزة للبيع,302400
شامبو ,538.36,15000,15000,15000,ليرة سورية,All,مواد جاهزة للبيع,7500
سيليكات سائلة ,0,0,0,0,دولار أمريكي,All,مواد خام,0.55
سيف عائلاتي,6,25000,25000,25000,ليرة سورية,All,مواد جاهزة للبيع,17000
سيف بريفيت ,45.6,50000,50000,50000,ليرة سورية,All,مواد جاهزة للبيع,35000
سيف برلنت,2,19000,19000,19000,ليرة سورية,All,مواد جاهزة للبيع,16000
سيف بالكيلو ,25,0,0,0,ليرة سورية,All,مواد جاهزة للبيع,0
سيف الكرار نخب اول,0,21000,21000,21000,ليرة سورية,All,مواد جاهزة للبيع,9000
سيف الكرار 2602,0,200000,200000,200000,ليرة سورية,All,مواد جاهزة للبيع,150000
سم مضروب,28.5,0,0,0,دولار أمريكي,All,مواد خام,0.9
سلة غسيل,0,30000,30000,30000,ليرة سورية,All,مواد جاهزة للبيع,20000
سائل مغسل,2335,4000,4000,4000,ليرة سورية,All,مواد جاهزة للبيع,2500
سائل غسيل زهري,29,13000,13000,13000,ليرة سورية,All,مواد جاهزة للبيع,0
سائل غسيل اتوماتيك خام,0,0,0,0,دولار أمريكي,All,الطبخات,918
سائل غسيل اتوماتيك 3 لتر,50,58000,58000,58000,ليرة سورية,All,مواد جاهزة للبيع,41500
سائل غسيل اتوماتيك / فرط ,53.74,15000,15000,15000,ليرة سورية,All,مواد جاهزة للبيع,12800
سائل جلي متعدد الاستعمالات كرمل ,0,120000,12000,12000,ليرة سورية,All,مواد جاهزة للبيع,11000
سائل جلي متعدد الإستعمالات - غولدن هاوس 1 لتر ,4,11000,11000,11000,ليرة سورية,All,مواد جاهزة للبيع,9000
سائل جلي ليمون ريفا - 15% خام,0,0,0,0,ليرة سورية,All,الطبخات,7750000
سائل جلي ليمون رابع خام ,0,0,0,0,دولار أمريكي,All,الطبخات,191
سائل جلي ليمون ثاني خام ,0,0,0,0,دولار أمريكي,All,الطبخات,294
سائل جلي ليمون ثالث خام ,0,0,0,0,دولار أمريكي,All,الطبخات,248
سائل جلي ليمون اول خام ,0,0,0,0,دولار أمريكي,All,الطبخات,669
سائل جلي ليلك ريفا - 15% خام,0,0,0,0,ليرة سورية,All,الطبخات,7750000
سائل جلي ليلك رابع خام ,0,0,0,0,دولار أمريكي,All,الطبخات,191
سائل جلي ليلك ثاني خام ,0,0,0,0,دولار أمريكي,All,الطبخات,294
سائل جلي ليلك ثالث خام ,0,0,0,0,دولار أمريكي,All,الطبخات,294
سائل جلي ليلك اول خام ,0,0,0,0,دولار أمريكي,All,الطبخات,669
سائل جلي فريز رابع خام ,0,0,0,0,دولار أمريكي,All,الطبخات,191
سائل جلي فريز ثاني خام ,0,0,0,0,دولار أمريكي,All,الطبخات,294
سائل جلي فريز ثالث خام ,0,0,0,0,دولار أمريكي,All,الطبخات,248
سائل جلي فريز اول خام ,0,0,0,0,دولار أمريكي,All,الطبخات,669
سائل جلي شفاف مع عطر / فرط,0,4000,4000,4000,ليرة سورية,All,مواد جاهزة للبيع,2300
سائل جلي سادة رابع خام ,0,0,0,0,دولار أمريكي,All,الطبخات,185
سائل جلي سادة ثاني خام ,0,0,0,0,دولار أمريكي,All,الطبخات,340
سائل جلي سادة ثالث خام ,0,0,0,0,دولار أمريكي,All,الطبخات,242
سائل جلي سادة اول خام 500 كغ,0,0,0,0,دولار أمريكي,All,الطبخات,0
سائل جلي سادة اول خام ,0,0,0,0,دولار أمريكي,All,الطبخات,657
سائل جلي ريفا 15% super / فرط,153,0,0,0,ليرة سورية,All,مواد جاهزة للبيع,7750
سائل جلي ريفا - عبوة 750غ ,174.42,0,0,0,ليرة سورية,All,مواد جاهزة للبيع,0
سائل جلي تفاح رابع خام ,0,0,0,0,دولار أمريكي,All,الطبخات,191
سائل جلي تفاح ثاني خام ,0,0,0,0,دولار أمريكي,All,الطبخات,294
سائل جلي تفاح ثالث خام ,0,0,0,0,دولار أمريكي,All,الطبخات,248
سائل جلي تفاح اول خام ,0,0,0,0,دولار أمريكي,All,الطبخات,669
سائل جلي super / فرط 2604,4293,6000,6000,6000,ليرة سورية,All,مواد جاهزة للبيع,0
سائل جلي super / فرط 2603,3741.5,7000,7000,7000,ليرة سورية,All,مواد جاهزة للبيع,0
سائل جلي super / فرط 2602,2479,8000,8000,8000,ليرة سورية,All,مواد جاهزة للبيع,0
سائل جلي super / فرط 2601,2039,15000,15000,15000,ليرة سورية,All,مواد جاهزة للبيع,0
سائل جلي super / عبوة 3 لتر 2604,79,22000,22000,22000,ليرة سورية,All,مواد جاهزة للبيع,0
سائل جلي super / عبوة 3 لتر 2603,59,25000,25000,25000,ليرة سورية,All,مواد جاهزة للبيع,0
سائل جلي super / عبوة 3 لتر 2602,550,27000,27000,27000,ليرة سورية,All,مواد جاهزة للبيع,0
سائل جلي super / عبوة 3 لتر 2601,35,48000,48000,48000,ليرة سورية,All,مواد جاهزة للبيع,0
زيت صنوبر 3 لتر,0,270000,270000,270000,ليرة سورية,All,مواد جاهزة للبيع,119500
زيت الصنوبر,16,0,0,0,دولار أمريكي,All,مواد خام,5
زنجارة,0,0,0,0,دولار أمريكي,All,مواد خام,100
زفتة قديمة ,305,0,0,0,دولار أمريكي,All,مواد خام,3
زفتة,970,0,0,0,دولار أمريكي,All,مواد خام,3
ديتول خام,0.07,1750000,1750000,1750000,ليرة سورية,All,مواد خام,812500
ديتول 3 لتر ,0,49000,49000,49000,ليرة سورية,All,مواد جاهزة للبيع,24500
ديتول / فرط ,0,14000,14000,14000,ليرة سورية,All,مواد جاهزة للبيع,7000
ديباتيول فينب,0,0,0,0,دولار أمريكي,All,مواد خام,0
دواء غسيل نصف مصنع,0,0,0,0,دولار أمريكي,All,مواد خام,0.66
دواء غسيل بودرا ,391.89,11000,11000,11000,ليرة سورية,All,مواد جاهزة للبيع,9000
دوا غسيل نورا,0,200000,200000,200000,ليرة سورية,All,مواد جاهزة للبيع,144000
دوا غسيل بودرا 60 كغ خام,0,0,0,0,دولار أمريكي,All,الطبخات,69
دوا غسيل بودرا 170 كغ خام,0,0,0,0,دولار أمريكي,All,الطبخات,105.4
دوا غسيل بودرا && كغ خام,0,0,0,0,دولار أمريكي,All,الطبخات,60.48
دفتر ,0,13000,13000,13000,ليرة سورية,All,مواد جاهزة للبيع,5500
دبجانة 50 كغ,42,0,0,0,ليرة سورية,All,مواد خام,28000
خردة وبلاستيك ,0,0,0,0,ليرة سورية,All,مواد جاهزة للبيع,0
حمض الليمون,1,0,0,0,دولار أمريكي,All,مواد خام,0.875
حمض الكبريت,0,0,0,0,دولار أمريكي,All,مواد خام,0.65
حمض الخل,1,0,0,0,دولار أمريكي,All,مواد خام,0.916
حليب التين,0.8,0,0,0,دولار أمريكي,All,مواد خام,300
حبيبات ملونة ,0,0,0,0,دولار أمريكي,All,مواد خام,0.5
جاطات + طشوطة بلاستيك,70.8,20000,20000,20000,ليرة سورية,All,مواد جاهزة للبيع,15000
تكسبون,400,0,0,0,دولار أمريكي,All,مواد خام,2.5
تري ايثانول سعودي امين,2,0,0,0,دولار أمريكي,All,مواد خام,6.23
بيدون سعة 5 كغ,4,6000,6000,6000,ليرة سورية,All,مواد جاهزة للبيع,6000
بيدون سعة 10 كغ,-7,0,0,0,ليرة سورية,All,مواد خام,0
بيدون 4 لتر ,12,0,0,0,دولار أمريكي,All,مواد خام,0.21
بيدون !,-215,0,0,0,ليرة سورية,All,مواد جاهزة للبيع,0
بيتائين,290,0,0,0,دولار أمريكي,All,مواد خام,1.35
بي اتش 3 لتر ,0,0,0,0,ليرة سورية,All,مواد جاهزة للبيع,0
بي اتش - كرتونة,0,118000,118000,118000,ليرة سورية,All,مواد جاهزة للبيع,105000
بي اتش - BH خام,0,0,0,0,دولار أمريكي,All,الطبخات,450
بي اتش - BH / فرط,304,6000,6000,6000,ليرة سورية,All,مواد جاهزة للبيع,5500
بي أتش ph الكرمل,0,0,0,0,ليرة سورية,All,مواد جاهزة للبيع,0
بوتيل غليكول,0,0,0,0,دولار أمريكي,All,مواد خام,2
بلسم خام,0,0,0,0,دولار أمريكي,All,الطبخات,89.3
بلسم جامد,3,0,0,0,دولار أمريكي,All,مواد خام,2
بلسم 3 لتر,0,0,0,0,ليرة سورية,All,مواد جاهزة للبيع,0
بلسم / فرط,25,15000,15000,15000,ليرة سورية,All,مواد جاهزة للبيع,0
بروبلين - فينب,0,0,0,0,دولار أمريكي,All,مواد خام,1.625
برميل كرتون,4,49000,49000,49000,ليرة سورية,All,مواد جاهزة للبيع,20000
برميل تكسبون فارغ,-30,0,0,0,ليرة سورية,All,مواد جاهزة للبيع,0
برميل بلاستيك,-10,0,0,0,ليرة سورية,All,مواد خام,0
بديل فورمول,29,0,0,0,دولار أمريكي,All,مواد خام,0.9
ايمولجين وقف,24.3,0,0,0,دولار أمريكي,All,مواد خام,3
ايمولجين,2,0,0,0,دولار أمريكي,All,مواد خام,3
ايديتا,16.5,0,0,0,دولار أمريكي,All,مواد خام,3.335
اقراص كلور ,224,65000,65000,65000,ليرة سورية,All,مواد جاهزة للبيع,55000
اسيد 3 لتر,1,45000,45000,45000,ليرة سورية,All,مواد جاهزة للبيع,0
اسيد - روح الملح - حمض كلور الماء,1653.6,0.5,0.5,0.5,دولار أمريكي,All,مواد خام,0.21
اسيتون,212,0,0,0,دولار أمريكي,All,مواد خام,0.65
أسيد 3 لتر,0,27000,27000,27000,ليرة سورية,All,مواد جاهزة للبيع,10700
أسيد 1 لتر,0,5500,5500,5500,ليرة سورية,All,مواد جاهزة للبيع,3500
