اسم الصنف,الكمية,التعديل
مهسهس زفته - معجون,12,
ملمع سيارات / فرط,8,
ملمع زجاج / فرط,19.5,
مكانس خشنة ,6,
معطر super / فرط ,93,
معطر super / عبوة 3 لتر,88,
كلور / فرط ,36.51,
كاسات شاي صغيرة 17 *6,13,
قاشط المينيوم - ساندي / فرط ,0.62,
قاشط  المينيوم 3 لتر,44,
فلاش 4 لتر ,31,
فلاش / فرط,15.4,
فاربن مزيل شعر ,1,
عملاق ,12.5,
صابون super / فرط ,41.5,
صابون super / عبوة 3 لتر,71,
شامبو 3 لتر,2.08,
شامبو ,8.68,
سيف بريفيت ,0.2,
سائل غسيل اتوماتيك 3 لتر,29,
سائل جلي متعدد الإستعمالات - غولدن هاوس 1 لتر ,4,
سائل جلي super / فرط 2604,66.16,
سائل جلي super / فرط 2603,62.5,
سائل جلي super / فرط 2602,56.88,
سائل جلي super / فرط 2601,51.33,
سائل جلي super / عبوة 3 لتر 2604,33,
سائل جلي super / عبوة 3 لتر 2603,31,
سائل جلي super / عبوة 3 لتر 2602,33,
سائل جلي super / عبوة 3 لتر 2601,31,
زفتة,171.5,
دواء غسيل بودرا ,10,
جاطات + طشوطة بلاستيك,70.8,
اقراص كلور ,1,
اسيد - روح الملح - حمض كلور الماء,2,
